userId,ItemID,viewCount
1,1,14
1,3,47
1,8,25
1,9,40
1,13,57
1,14,27
1,15,94
1,17,3
1,18,40
1,19,27
1,20,64
1,21,16
1,23,64
1,24,50
1,25,22
1,26,16
1,28,45
1,29,72
1,30,81
1,35,89
1,36,47
1,37,94
1,38,31
1,40,0
1,41,86
1,42,33
1,44,56
1,45,24
1,46,59
1,50,8
1,53,84
1,54,87
1,55,55
1,56,6
1,57,0
1,58,17
1,60,56
1,61,75
1,62,24
1,64,0
1,66,21
1,68,52
1,69,57
1,72,77
1,73,54
1,74,81
1,75,65
1,76,76
1,80,51
1,81,40
1,82,81
1,83,75
1,84,5
1,85,86
1,86,52
1,87,59
1,89,1
1,91,55
1,92,80
1,95,95
1,96,97
1,97,30
1,98,63
1,99,27
1,100,13
2,1,68
2,2,2
2,6,32
2,7,2
2,8,83
2,10,18
2,11,60
2,13,56
2,14,45
2,18,63
2,20,77
2,21,4
2,22,28
2,23,72
2,24,75
2,25,15
2,26,89
2,29,69
2,30,43
2,31,61
2,33,7
2,34,44
2,36,7
2,37,49
2,39,54
2,40,84
2,43,40
2,44,86
2,45,1
2,48,7
2,49,27
2,50,79
2,51,50
2,56,54
2,57,69
2,58,19
2,59,26
2,60,40
2,61,74
2,63,60
2,65,98
2,66,36
2,67,75
2,68,4
2,69,45
2,70,40
2,71,53
2,73,7
2,74,40
2,76,67
2,77,72
2,78,59
2,79,91
2,81,96
2,83,54
2,84,14
2,85,64
2,87,9
2,88,77
2,90,8
2,91,38
2,92,24
2,93,24
2,94,13
2,95,50
2,96,47
2,99,89
2,100,67
3,1,92
3,2,26
3,3,3
3,4,18
3,6,31
3,7,47
3,8,2
3,10,91
3,11,30
3,12,78
3,13,80
3,15,13
3,16,67
3,18,63
3,19,35
3,20,58
3,21,3
3,23,43
3,24,84
3,25,23
3,26,96
3,27,29
3,28,97
3,29,5
3,30,69
3,31,7
3,33,74
3,34,72
3,35,96
3,38,99
3,39,35
3,40,29
3,41,55
3,42,70
3,44,85
3,45,46
3,49,34
3,50,72
3,51,56
3,52,12
3,55,36
3,56,15
3,61,45
3,62,57
3,63,7
3,64,53
3,65,72
3,66,98
3,68,32
3,69,26
3,70,69
3,72,98
3,73,75
3,74,88
3,77,93
3,78,79
3,79,94
3,80,58
3,81,14
3,84,0
3,88,79
3,92,33
3,93,26
3,94,33
3,95,51
3,96,60
3,99,38
3,100,81
4,1,83
4,2,13
4,5,55
4,6,19
4,10,84
4,11,78
4,12,39
4,14,54
4,15,24
4,17,12
4,19,46
4,20,77
4,21,35
4,22,51
4,23,56
4,24,77
4,25,84
4,26,79
4,30,80
4,32,97
4,33,89
4,34,99
4,35,38
4,36,7
4,37,45
4,40,75
4,42,31
4,43,82
4,44,65
4,46,95
4,49,24
4,50,50
4,52,39
4,54,18
4,55,57
4,56,75
4,63,73
4,64,73
4,65,14
4,66,22
4,67,63
4,68,12
4,72,20
4,73,60
4,76,81
4,78,35
4,79,66
4,80,53
4,81,64
4,83,89
4,84,44
4,86,5
4,87,41
4,88,10
4,89,31
4,90,34
4,91,83
4,93,81
4,94,8
4,95,22
4,96,72
4,97,76
5,1,48
5,2,33
5,3,3
5,5,44
5,6,42
5,7,92
5,9,28
5,10,50
5,11,29
5,12,48
5,13,11
5,14,8
5,15,47
5,16,17
5,17,3
5,19,89
5,20,74
5,21,5
5,22,88
5,23,28
5,25,72
5,26,14
5,27,1
5,28,11
5,30,22
5,31,91
5,32,67
5,35,13
5,37,2
5,38,65
5,42,45
5,44,63
5,48,17
5,49,79
5,50,7
5,51,38
5,53,57
5,54,31
5,55,73
5,57,75
5,58,38
5,59,31
5,60,31
5,61,95
5,62,92
5,63,2
5,66,45
5,67,89
5,68,88
5,69,55
5,71,67
5,72,66
5,73,99
5,77,76
5,79,8
5,80,55
5,84,11
5,87,85
5,88,13
5,90,21
5,93,0
5,94,81
5,95,91
5,96,37
5,97,77
5,99,37
6,4,84
6,6,9
6,9,79
6,10,20
6,11,86
6,13,38
6,18,28
6,19,99
6,21,36
6,22,42
6,23,85
6,24,56
6,25,57
6,26,9
6,27,92
6,28,66
6,29,41
6,30,71
6,31,43
6,34,27
6,35,13
6,36,78
6,37,4
6,38,91
6,41,74
6,42,71
6,43,64
6,47,26
6,48,62
6,49,97
6,52,52
6,54,78
6,55,4
6,56,24
6,58,15
6,59,13
6,60,85
6,61,67
6,64,28
6,66,54
6,67,31
6,71,33
6,72,25
6,73,9
6,74,44
6,75,26
6,77,94
6,78,58
6,83,92
6,84,2
6,85,26
6,86,34
6,88,91
6,89,12
6,90,67
6,94,57
6,95,70
6,96,44
6,97,81
6,98,6
6,99,73
7,2,73
7,3,91
7,6,61
7,10,45
7,11,25
7,12,50
7,14,1
7,15,33
7,18,51
7,22,64
7,23,5
7,24,34
7,26,63
7,27,23
7,29,58
7,30,88
7,31,92
7,32,4
7,34,94
7,35,88
7,37,39
7,38,15
7,43,8
7,44,15
7,45,8
7,47,93
7,48,97
7,49,43
7,52,89
7,53,24
7,58,4
7,59,99
7,62,79
7,65,33
7,66,81
7,67,42
7,69,39
7,70,64
7,71,72
7,72,13
7,73,74
7,74,24
7,75,89
7,76,43
7,77,60
7,78,11
7,80,29
7,81,67
7,82,84
7,84,26
7,85,56
7,86,31
7,87,42
7,90,5
7,91,5
7,92,88
7,93,42
7,94,46
7,96,57
7,97,94
7,100,4
8,1,14
8,3,44
8,5,76
8,6,53
8,9,89
8,10,18
8,13,16
8,14,11
8,15,16
8,18,10
8,19,24
8,20,11
8,22,56
8,23,1
8,25,22
8,26,46
8,27,34
8,28,12
8,29,57
8,30,70
8,32,33
8,33,80
8,34,15
8,35,15
8,36,18
8,37,76
8,39,32
8,41,52
8,42,62
8,43,55
8,44,63
8,45,93
8,50,54
8,51,74
8,53,90
8,55,2
8,57,30
8,58,15
8,59,3
8,61,12
8,62,44
8,63,50
8,66,28
8,67,34
8,69,89
8,71,75
8,72,57
8,73,18
8,74,4
8,75,42
8,76,13
8,77,67
8,78,24
8,79,90
8,81,40
8,82,14
8,85,70
8,86,21
8,87,20
8,88,87
8,89,45
8,90,12
8,91,99
8,92,50
8,93,76
8,94,30
8,95,83
8,96,39
9,5,72
9,6,1
9,7,69
9,9,66
9,10,3
9,12,66
9,14,43
9,15,81
9,17,43
9,18,23
9,19,66
9,22,9
9,24,33
9,26,78
9,27,18
9,28,12
9,29,72
9,30,89
9,31,64
9,32,34
9,33,74
9,34,68
9,35,13
9,36,26
9,37,6
9,39,15
9,41,49
9,42,71
9,44,89
9,49,84
9,50,51
9,51,45
9,53,75
9,54,20
9,55,64
9,57,22
9,58,89
9,60,83
9,61,62
9,62,18
9,63,43
9,65,38
9,68,98
9,69,99
9,70,87
9,72,59
9,73,11
9,74,70
9,75,98
9,76,25
9,77,9
9,81,45
9,82,9
9,84,47
9,88,89
9,90,28
9,92,40
9,95,16
9,96,65
9,100,98
10,2,64
10,3,60
10,5,80
10,6,38
10,9,74
10,13,94
10,15,24
10,16,49
10,17,75
10,18,75
10,22,5
10,23,91
10,24,14
10,25,97
10,27,82
10,29,8
10,30,39
10,31,84
10,32,57
10,33,10
10,34,17
10,35,47
10,36,22
10,37,38
10,38,93
10,40,84
10,41,54
10,43,92
10,44,93
10,45,44
10,46,21
10,49,70
10,50,74
10,52,43
10,53,45
10,54,53
10,55,53
10,56,18
10,57,92
10,60,71
10,61,90
10,64,53
10,65,39
10,66,38
10,67,11
10,68,22
10,69,62
10,70,70
10,73,84
10,74,27
10,76,19
10,77,49
10,79,70
10,82,28
10,83,10
10,84,31
10,86,42
10,89,27
10,90,7
10,91,93
10,93,30
10,94,26
10,95,80
10,96,66
10,97,65
10,98,60
10,99,78
10,100,45
11,1,8
11,3,76
11,4,54
11,6,33
11,7,12
11,8,20
11,9,44
11,10,56
11,11,20
11,13,38
11,14,72
11,15,99
11,16,56
11,18,97
11,19,50
11,21,21
11,22,96
11,23,25
11,24,43
11,27,42
11,28,46
11,29,71
11,30,71
11,31,74
11,33,25
11,35,17
11,36,93
11,38,79
11,39,68
11,40,94
11,41,96
11,43,94
11,46,21
11,47,1
11,50,53
11,51,16
11,52,68
11,55,36
11,57,83
11,58,49
11,62,84
11,63,95
11,65,78
11,66,57
11,67,68
11,72,9
11,73,86
11,76,37
11,78,20
11,79,28
11,80,76
11,81,29
11,85,26
11,86,58
11,87,63
11,89,89
11,90,42
11,91,27
11,92,44
11,93,83
11,94,66
11,96,38
12,1,43
12,2,92
12,5,73
12,6,5
12,7,21
12,8,25
12,9,35
12,10,67
12,11,28
12,12,63
12,17,76
12,19,6
12,20,61
12,21,68
12,22,33
12,23,53
12,24,44
12,25,97
12,26,15
12,27,73
12,28,55
12,30,51
12,31,32
12,32,44
12,33,16
12,35,82
12,37,43
12,38,49
12,39,64
12,40,29
12,41,85
12,42,89
12,44,77
12,45,90
12,50,54
12,51,67
12,54,91
12,56,24
12,57,2
12,58,22
12,59,14
12,60,58
12,61,74
12,63,65
12,65,55
12,67,29
12,68,43
12,69,54
12,71,75
12,72,12
12,73,75
12,75,29
12,78,76
12,80,27
12,81,58
12,83,87
12,84,54
12,86,83
12,87,39
12,89,2
12,90,85
12,91,57
12,95,62
12,96,46
12,97,35
12,99,62
12,100,79
13,2,18
13,3,91
13,5,26
13,6,74
13,9,90
13,10,83
13,12,16
13,13,34
13,14,0
13,15,93
13,16,87
13,18,24
13,19,65
13,20,15
13,21,4
13,22,39
13,23,64
13,24,80
13,25,91
13,26,28
13,27,17
13,29,61
13,30,72
13,31,40
13,33,27
13,35,4
13,36,68
13,37,91
13,38,21
13,40,3
13,41,26
13,45,81
13,46,74
13,47,37
13,48,8
13,49,49
13,50,79
13,51,76
13,55,70
13,56,83
13,58,64
13,60,62
13,61,61
13,63,18
13,64,51
13,65,97
13,67,6
13,68,30
13,71,82
13,73,14
13,75,63
13,76,47
13,77,36
13,78,11
13,80,24
13,82,94
13,84,39
13,86,20
13,87,50
13,88,71
13,89,84
13,92,20
13,93,23
13,95,22
13,98,84
13,99,74
14,1,27
14,2,53
14,4,12
14,7,81
14,8,51
14,10,57
14,11,72
14,13,47
14,14,62
14,16,92
14,18,71
14,19,81
14,20,4
14,21,21
14,23,33
14,25,14
14,26,14
14,27,72
14,28,74
14,29,43
14,30,44
14,31,24
14,33,61
14,34,11
14,35,74
14,36,68
14,37,93
14,38,11
14,39,86
14,40,53
14,42,8
14,44,80
14,45,55
14,46,64
14,47,99
14,50,66
14,52,29
14,54,18
14,55,76
14,57,39
14,58,98
14,59,52
14,61,60
14,63,92
14,64,35
14,66,49
14,68,36
14,69,88
14,74,87
14,77,38
14,78,49
14,79,10
14,80,18
14,84,59
14,86,6
14,87,78
14,88,36
14,89,65
14,91,85
14,92,73
14,93,85
14,94,73
14,97,89
14,98,4
14,99,1
15,1,2
15,2,69
15,3,36
15,6,84
15,8,49
15,9,82
15,10,84
15,11,77
15,13,50
15,14,52
15,15,99
15,18,85
15,19,53
15,20,27
15,21,94
15,24,81
15,25,77
15,26,35
15,29,52
15,30,51
15,31,64
15,32,84
15,34,36
15,35,52
15,36,41
15,37,36
15,41,18
15,42,94
15,43,45
15,44,64
15,45,40
15,46,55
15,48,6
15,49,33
15,51,2
15,52,91
15,53,64
15,54,48
15,57,39
15,58,8
15,59,32
15,60,8
15,61,27
15,62,10
15,63,35
15,65,52
15,66,82
15,67,36
15,70,81
15,72,8
15,73,0
15,74,81
15,76,89
15,77,23
15,78,4
15,79,71
15,80,63
15,81,63
15,82,6
15,84,88
15,85,45
15,86,96
15,87,12
15,90,95
15,91,90
15,95,44
15,97,0
15,100,72
16,3,34
16,4,13
16,6,58
16,7,15
16,8,69
16,10,89
16,12,79
16,14,13
16,15,13
16,16,21
16,19,93
16,21,36
16,22,72
16,24,99
16,25,26
16,26,35
16,27,25
16,29,14
16,30,14
16,32,35
16,33,56
16,36,13
16,38,58
16,39,74
16,40,8
16,41,44
16,42,49
16,43,50
16,44,48
16,45,30
16,47,96
16,48,42
16,49,6
16,50,52
16,52,80
16,56,0
16,57,5
16,60,90
16,61,5
16,63,10
16,65,41
16,66,85
16,68,27
16,69,72
16,70,36
16,71,33
16,72,30
16,73,3
16,74,27
16,77,95
16,78,15
16,79,79
16,80,49
16,82,58
16,83,80
16,87,55
16,88,82
16,90,15
16,91,36
16,92,63
16,94,11
16,95,94
16,97,61
16,98,69
16,99,79
17,5,65
17,6,12
17,7,53
17,8,64
17,9,62
17,11,56
17,13,30
17,16,9
17,17,38
17,18,22
17,19,71
17,21,61
17,23,98
17,24,53
17,27,9
17,29,23
17,30,61
17,31,98
17,32,61
17,34,38
17,35,21
17,36,50
17,37,97
17,38,76
17,40,2
17,42,46
17,44,63
17,45,8
17,46,74
17,47,55
17,48,62
17,50,76
17,52,14
17,53,83
17,54,18
17,55,87
17,56,54
17,58,8
17,59,10
17,61,9
17,63,17
17,64,93
17,66,32
17,67,27
17,70,87
17,72,70
17,73,72
17,75,64
17,76,49
17,79,51
17,80,20
17,81,40
17,82,77
17,83,36
17,89,82
17,92,1
17,94,26
17,97,7
17,99,70
17,100,83
18,2,95
18,3,42
18,5,31
18,6,75
18,8,37
18,9,29
18,12,90
18,13,1
18,14,87
18,16,94
18,17,89
18,19,24
18,21,20
18,22,13
18,23,77
18,26,95
18,29,27
18,30,20
18,36,69
18,37,85
18,39,1
18,40,64
18,41,0
18,44,81
18,46,80
18,47,56
18,48,70
18,49,5
18,50,69
18,51,24
18,52,1
18,53,15
18,54,66
18,55,80
18,56,53
18,57,22
18,58,9
18,59,58
18,60,91
18,62,23
18,63,44
18,66,59
18,68,12
18,69,87
18,70,32
18,71,35
18,73,15
18,74,60
18,77,38
18,78,82
18,80,17
18,83,48
18,85,41
18,86,6
18,87,32
18,88,44
18,89,54
18,91,52
18,92,99
18,93,13
18,95,88
18,97,70
18,99,39
18,100,62
19,1,82
19,2,88
19,4,94
19,8,26
19,9,27
19,11,32
19,13,97
19,16,8
19,17,8
19,18,7
19,19,25
19,25,89
19,26,16
19,27,23
19,30,23
19,31,20
19,33,56
19,34,62
19,35,90
19,36,79
19,37,60
19,38,97
19,39,8
19,40,93
19,42,76
19,44,44
19,45,59
19,46,7
19,47,16
19,48,29
19,49,85
19,50,28
19,51,65
19,54,20
19,55,83
19,56,67
19,57,39
19,60,88
19,63,54
19,65,13
19,66,42
19,67,1
19,68,15
19,69,47
19,70,4
19,71,35
19,72,42
19,73,33
19,74,83
19,75,3
19,76,73
19,77,36
19,78,81
19,82,34
19,83,93
19,84,23
19,85,79
19,86,11
19,87,67
19,89,68
19,91,1
19,92,84
19,93,94
19,95,18
19,96,70
19,97,93
19,98,49
19,100,23
20,1,43
20,5,16
20,6,28
20,7,52
20,8,23
20,11,38
20,12,56
20,13,35
20,14,94
20,15,78
20,17,80
20,18,80
20,19,24
20,20,2
20,21,98
20,23,18
20,24,95
20,25,41
20,28,33
20,29,24
20,30,40
20,31,19
20,32,18
20,33,25
20,34,30
20,35,0
20,37,24
20,38,66
20,39,4
20,40,92
20,41,12
20,42,42
20,44,86
20,45,12
20,46,9
20,48,29
20,55,65
20,57,41
20,58,30
20,60,47
20,61,87
20,62,77
20,63,43
20,64,67
20,65,36
20,66,21
20,67,56
20,69,48
20,72,38
20,73,30
20,74,90
20,76,21
20,77,10
20,78,49
20,79,80
20,81,76
20,82,1
20,83,39
20,84,57
20,85,38
20,87,39
20,89,4
20,90,89
20,91,17
20,92,9
20,93,52
20,94,50
20,96,51
20,97,78
20,98,81
20,99,34
20,100,20
21,1,79
21,3,39
21,4,46
21,6,50
21,7,19
21,9,50
21,11,55
21,12,68
21,13,96
21,17,19
21,19,88
21,20,9
21,22,16
21,23,43
21,24,91
21,26,51
21,27,50
21,29,47
21,30,50
21,31,19
21,32,40
21,34,67
21,38,27
21,39,50
21,40,31
21,44,48
21,45,47
21,46,45
21,47,32
21,48,96
21,49,94
21,50,3
21,52,46
21,56,80
21,61,63
21,62,60
21,66,37
21,68,86
21,69,31
21,71,25
21,72,31
21,73,64
21,74,45
21,75,77
21,76,49
21,77,84
21,78,52
21,79,47
21,80,52
21,81,99
21,82,80
21,83,24
21,84,27
21,86,62
21,87,28
21,88,80
21,89,58
21,91,27
21,92,54
21,94,90
21,96,81
21,97,17
21,98,98
21,99,98
22,3,37
22,5,99
22,6,81
22,7,68
22,10,42
22,11,68
22,12,12
22,14,25
22,15,71
22,16,97
22,17,83
22,18,55
22,19,27
22,23,19
22,24,9
22,25,61
22,27,65
22,28,9
22,29,80
22,30,61
22,31,99
22,33,71
22,34,83
22,35,7
22,37,24
22,38,12
22,39,97
22,40,11
22,42,15
22,44,83
22,48,65
22,50,18
22,53,24
22,54,87
22,56,40
22,59,52
22,60,21
22,63,80
22,64,17
22,66,61
22,67,0
22,68,4
22,70,22
22,71,8
22,72,36
22,73,65
22,74,6
22,76,9
22,77,36
22,79,22
22,80,90
22,82,7
22,83,90
22,84,46
22,87,49
22,88,77
22,91,97
22,92,21
22,93,35
22,94,75
22,95,60
22,96,48
22,97,85
22,99,40
22,100,13
23,1,81
23,2,46
23,3,63
23,4,72
23,5,26
23,6,55
23,9,2
23,10,20
23,13,93
23,14,64
23,15,49
23,16,63
23,17,64
23,20,13
23,22,28
23,23,45
23,24,59
23,25,88
23,26,66
23,27,47
23,28,97
23,30,13
23,31,56
23,32,83
23,33,3
23,35,20
23,36,84
23,38,20
23,39,21
23,41,6
23,42,71
23,43,57
23,44,72
23,45,28
23,46,36
23,48,61
23,49,12
23,50,86
23,51,95
23,52,36
23,53,17
23,55,38
23,57,43
23,58,46
23,63,65
23,66,9
23,67,16
23,68,29
23,70,15
23,71,14
23,72,33
23,73,66
23,75,4
23,76,46
23,77,22
23,79,33
23,83,1
23,84,88
23,85,59
23,86,85
23,87,37
23,89,34
23,92,54
23,93,58
23,94,26
23,95,6
23,96,19
23,97,85
23,98,39
23,99,34
23,100,63
24,2,26
24,3,90
24,4,91
24,5,67
24,6,66
24,7,52
24,8,39
24,12,92
24,13,79
24,14,60
24,15,67
24,16,78
24,19,97
24,20,72
24,21,21
24,22,92
24,23,2
24,25,87
24,27,78
24,28,51
24,29,71
24,33,4
24,35,56
24,38,43
24,39,84
24,40,77
24,41,54
24,42,10
24,43,65
24,44,95
24,45,36
24,48,6
24,49,35
24,51,46
24,54,10
24,55,3
24,56,66
24,57,0
24,59,57
24,60,83
24,61,95
24,62,48
24,63,9
24,64,67
24,67,93
24,68,23
24,69,62
24,70,22
24,72,93
24,73,55
24,74,22
24,75,96
24,76,16
24,77,19
24,78,30
24,79,84
24,80,81
24,81,91
24,82,1
24,83,65
24,84,92
24,85,79
24,86,36
24,90,68
24,92,75
24,93,64
24,94,77
24,95,28
24,96,56
24,99,88
24,100,9
25,1,45
25,3,37
25,4,85
25,5,29
25,6,21
25,7,57
25,8,9
25,9,69
25,10,2
25,11,80
25,13,40
25,14,9
25,15,31
25,16,53
25,17,87
25,19,93
25,20,60
25,22,42
25,23,20
25,24,42
25,26,80
25,28,82
25,29,50
25,30,40
25,31,14
25,32,67
25,33,47
25,34,37
25,36,57
25,37,10
25,38,62
25,39,59
25,40,81
25,42,94
25,45,5
25,46,76
25,48,17
25,49,86
25,50,65
25,51,65
25,56,31
25,58,45
25,59,59
25,60,16
25,61,32
25,63,2
25,64,68
25,65,68
25,67,37
25,68,18
25,70,53
25,71,79
25,72,20
25,73,4
25,75,52
25,76,0
25,77,42
25,78,91
25,80,54
25,81,74
25,82,36
25,83,98
25,84,31
25,85,85
25,86,61
25,87,56
25,89,28
25,91,84
25,95,85
25,96,23
25,97,54
25,98,82
25,100,5
26,1,75
26,2,34
26,5,93
26,6,11
26,9,82
26,11,66
26,12,20
26,13,23
26,14,78
26,16,84
26,17,68
26,19,73
26,20,59
26,21,73
26,24,63
26,25,8
26,26,36
26,27,99
26,29,17
26,30,3
26,33,50
26,34,94
26,36,14
26,38,88
26,39,48
26,40,66
26,42,63
26,44,71
26,46,7
26,47,79
26,48,70
26,49,94
26,51,55
26,53,1
26,54,12
26,55,82
26,57,23
26,58,77
26,59,18
26,60,4
26,61,44
26,62,2
26,63,35
26,64,48
26,65,26
26,68,14
26,69,10
26,70,76
26,72,92
26,74,48
26,75,87
26,78,85
26,79,57
26,80,21
26,81,51
26,82,16
26,84,42
26,87,71
26,89,97
26,90,11
26,91,0
26,92,69
26,95,77
26,97,63
27,2,0
27,3,47
27,4,35
27,5,8
27,7,31
27,13,81
27,14,32
27,15,54
27,16,58
27,21,22
27,22,6
27,24,5
27,25,21
27,26,81
27,27,49
27,29,24
27,30,16
27,33,85
27,34,30
27,35,29
27,39,63
27,40,89
27,42,11
27,43,22
27,47,73
27,50,46
27,51,29
27,52,79
27,54,67
27,56,96
27,57,53
27,60,38
27,62,7
27,63,53
27,65,64
27,66,77
27,67,21
27,68,2
27,70,32
27,71,66
27,73,33
27,74,64
27,75,31
27,76,61
27,77,37
27,78,14
27,79,59
27,80,9
27,81,98
27,84,15
27,86,17
27,87,74
27,89,41
27,91,26
27,94,24
27,95,21
27,96,68
27,97,94
27,98,36
27,100,76
28,1,59
28,2,10
28,4,49
28,5,17
28,7,85
28,11,55
28,13,31
28,14,29
28,16,6
28,18,43
28,19,2
28,20,74
28,21,90
28,23,73
28,26,10
28,32,3
28,33,34
28,34,27
28,35,45
28,37,2
28,39,92
28,40,36
28,43,3
28,46,37
28,49,77
28,50,19
28,51,8
28,53,42
28,54,71
28,56,42
28,57,7
28,58,47
28,59,25
28,60,18
28,61,14
28,62,34
28,63,10
28,66,47
28,67,91
28,68,33
28,70,76
28,71,54
28,72,56
28,73,42
28,75,24
28,76,71
28,78,41
28,79,92
28,81,61
28,82,45
28,83,87
28,84,70
28,86,55
28,89,29
28,94,76
28,95,49
28,96,21
28,97,40
28,98,34
28,99,77
28,100,94
29,3,42
29,4,45
29,7,55
29,9,36
29,10,14
29,12,39
29,13,20
29,14,63
29,15,40
29,17,74
29,19,29
29,20,88
29,21,9
29,22,76
29,24,90
29,25,9
29,27,97
29,28,52
29,31,19
29,32,33
29,34,73
29,36,99
29,38,28
29,40,59
29,41,54
29,43,9
29,46,44
29,47,68
29,49,90
29,50,23
29,52,56
29,55,40
29,56,80
29,57,7
29,58,93
29,59,19
29,60,86
29,62,47
29,63,99
29,64,33
29,66,86
29,68,18
29,69,42
29,71,91
29,72,69
29,74,1
29,76,9
29,77,37
29,78,77
29,79,40
29,80,22
29,81,35
29,83,13
29,84,52
29,85,61
29,87,55
29,88,42
29,91,29
29,92,64
29,93,3
29,95,92
29,96,16
29,97,99
29,98,41
29,100,84
30,3,98
30,4,78
30,5,30
30,6,95
30,7,31
30,8,88
30,9,91
30,10,48
30,11,83
30,12,90
30,13,4
30,15,8
30,17,48
30,18,67
30,19,56
30,21,87
30,22,60
30,24,85
30,25,30
30,27,73
30,29,72
30,32,56
30,33,24
30,34,68
30,35,70
30,36,65
30,42,43
30,44,31
30,46,13
30,47,54
30,48,56
30,50,70
30,52,78
30,53,49
30,54,55
30,55,97
30,56,45
30,57,95
30,58,40
30,59,80
30,60,9
30,61,66
30,63,79
30,64,9
30,67,28
30,69,5
30,73,99
30,74,61
30,76,47
30,78,87
30,80,22
30,81,47
30,82,84
30,84,66
30,85,37
30,86,90
30,88,96
30,90,89
30,92,88
30,93,30
30,94,44
30,96,45
30,97,53
30,98,92
30,99,26
30,100,17
31,1,4
31,2,87
31,3,91
31,7,84
31,8,15
31,13,71
31,14,84
31,15,23
31,17,2
31,18,44
31,19,78
31,20,56
31,21,1
31,24,24
31,25,98
31,27,56
31,28,89
31,29,73
31,30,38
31,31,96
31,34,27
31,35,73
31,36,61
31,37,3
31,38,61
31,39,76
31,40,64
31,43,18
31,44,26
31,45,0
31,46,6
31,47,37
31,48,22
31,49,18
31,51,98
31,52,81
31,55,26
31,56,47
31,57,58
31,58,79
31,59,88
31,61,23
31,62,75
31,63,77
31,64,1
31,65,78
31,66,4
31,68,60
31,69,45
31,70,69
31,71,80
31,72,83
31,74,42
31,75,89
31,76,75
31,77,73
31,78,35
31,80,64
31,81,75
31,83,50
31,84,12
31,85,47
31,86,47
31,87,80
31,88,74
31,89,83
31,90,90
31,91,41
31,92,50
31,93,5
31,94,19
31,95,23
31,96,5
31,97,20
31,100,75
32,1,76
32,2,90
32,4,22
32,5,94
32,6,10
32,9,93
32,10,90
32,11,28
32,12,34
32,18,66
32,21,44
32,26,61
32,27,33
32,28,15
32,29,55
32,31,79
32,32,93
32,35,32
32,36,59
32,37,42
32,38,28
32,41,3
32,42,41
32,44,80
32,45,74
32,46,67
32,47,99
32,48,92
32,49,6
32,50,72
32,53,50
32,54,10
32,55,87
32,56,41
32,58,14
32,59,3
32,60,40
32,63,46
32,64,64
32,65,5
32,68,97
32,69,8
32,72,64
32,73,22
32,74,92
32,78,36
32,79,9
32,80,81
32,81,36
32,82,80
32,83,93
32,84,47
32,85,47
32,86,81
32,91,12
32,94,24
32,96,14
32,98,3
32,99,96
32,100,22
33,1,13
33,2,78
33,3,75
33,4,43
33,5,61
33,6,38
33,7,73
33,15,90
33,16,32
33,17,43
33,19,31
33,20,26
33,21,2
33,22,4
33,26,95
33,28,99
33,30,7
33,31,10
33,35,56
33,36,28
33,37,72
33,39,3
33,40,68
33,42,72
33,43,79
33,44,56
33,46,32
33,47,53
33,48,88
33,49,17
33,50,3
33,51,38
33,52,39
33,53,28
33,54,39
33,55,32
33,57,52
33,58,79
33,60,10
33,62,45
33,64,73
33,65,74
33,68,16
33,70,55
33,71,17
33,73,60
33,74,23
33,76,0
33,77,2
33,79,6
33,81,17
33,82,48
33,83,61
33,87,30
33,89,8
33,90,21
33,92,14
33,93,81
33,94,34
33,95,38
33,96,39
33,97,6
33,99,66
33,100,0
34,2,13
34,5,54
34,6,35
34,9,35
34,11,2
34,16,29
34,18,51
34,19,14
34,21,81
34,23,9
34,25,73
34,27,20
34,30,42
34,31,8
34,32,43
34,34,35
34,36,64
34,37,78
34,38,32
34,39,32
34,40,25
34,41,77
34,43,14
34,44,54
34,46,62
34,47,7
34,48,5
34,49,54
34,50,50
34,52,42
34,53,52
34,56,10
34,59,1
34,60,35
34,61,33
34,65,33
34,67,41
34,68,29
34,71,63
34,73,57
34,74,71
34,75,92
34,76,45
34,79,22
34,80,90
34,81,82
34,82,11
34,88,82
34,89,50
34,90,40
34,91,55
34,92,71
34,95,9
34,96,51
34,97,65
34,99,14
34,100,14
35,1,41
35,3,45
35,6,64
35,7,84
35,10,32
35,11,83
35,12,99
35,13,13
35,14,87
35,15,89
35,17,93
35,18,19
35,19,66
35,21,36
35,22,63
35,23,83
35,24,4
35,25,46
35,26,44
35,30,65
35,31,0
35,32,32
35,34,36
35,36,7
35,37,70
35,38,26
35,40,83
35,41,90
35,42,1
35,43,38
35,48,14
35,49,9
35,50,69
35,53,53
35,54,81
35,55,38
35,56,35
35,57,21
35,61,68
35,62,69
35,63,66
35,65,52
35,66,90
35,67,70
35,68,25
35,71,81
35,72,0
35,75,61
35,76,54
35,77,88
35,78,91
35,80,70
35,81,15
35,82,47
35,83,41
35,84,50
35,85,22
35,89,5
35,91,5
35,93,96
35,96,61
35,97,86
35,98,82
35,100,60
36,3,66
36,4,59
36,9,99
36,10,54
36,11,45
36,13,36
36,14,90
36,15,62
36,17,49
36,18,76
36,19,31
36,20,41
36,22,59
36,23,7
36,24,63
36,28,12
36,29,42
36,31,5
36,33,48
36,34,53
36,35,61
36,36,56
36,37,42
36,38,26
36,39,35
36,40,94
36,41,82
36,42,50
36,43,75
36,45,88
36,46,9
36,48,66
36,49,3
36,50,63
36,52,76
36,53,23
36,54,57
36,56,92
36,57,67
36,59,1
36,60,86
36,62,1
36,63,79
36,64,4
36,66,71
36,67,50
36,68,88
36,69,52
36,70,23
36,72,32
36,73,76
36,74,44
36,75,15
36,76,97
36,77,19
36,78,71
36,84,1
36,85,9
36,86,34
36,87,11
36,91,98
36,92,11
36,94,7
36,96,40
36,97,47
36,98,50
36,99,31
36,100,72
37,2,4
37,4,14
37,5,81
37,7,20
37,8,41
37,9,81
37,10,1
37,11,8
37,12,83
37,13,48
37,14,70
37,15,58
37,16,42
37,18,80
37,22,35
37,23,57
37,25,29
37,26,9
37,27,16
37,29,24
37,30,28
37,31,57
37,32,68
37,33,40
37,34,20
37,35,61
37,36,14
37,37,54
37,38,17
37,42,16
37,43,80
37,47,45
37,48,36
37,49,80
37,50,53
37,51,73
37,53,93
37,54,40
37,55,42
37,56,84
37,58,78
37,59,28
37,60,95
37,61,4
37,62,61
37,64,58
37,65,12
37,67,58
37,69,31
37,70,36
37,73,6
37,74,62
37,76,64
37,77,12
37,78,97
37,80,1
37,83,60
37,85,25
37,89,40
37,91,76
37,93,5
37,94,71
37,95,42
37,96,31
37,97,68
37,100,57
38,1,60
38,3,20
38,4,96
38,5,88
38,7,11
38,8,46
38,10,40
38,11,56
38,12,59
38,13,35
38,14,6
38,15,35
38,16,63
38,17,92
38,20,47
38,22,95
38,23,37
38,24,25
38,26,23
38,27,99
38,28,4
38,29,8
38,30,30
38,32,88
38,33,65
38,34,61
38,35,15
38,37,62
38,38,1
38,39,35
38,40,51
38,41,23
38,42,13
38,43,21
38,45,77
38,46,23
38,47,1
38,48,23
38,49,16
38,51,29
38,53,71
38,54,94
38,55,81
38,56,47
38,59,2
38,60,25
38,61,33
38,62,15
38,63,60
38,65,61
38,66,27
38,68,20
38,69,6
38,70,48
38,71,73
38,74,99
38,76,60
38,77,87
38,78,73
38,80,14
38,81,17
38,82,92
38,83,87
38,85,89
38,86,21
38,87,84
38,88,53
38,89,39
38,90,3
38,92,39
38,93,59
38,95,31
38,96,57
38,99,6
39,1,27
39,3,80
39,5,53
39,7,19
39,8,37
39,11,4
39,12,31
39,13,96
39,14,56
39,15,34
39,16,69
39,18,75
39,19,33
39,20,3
39,21,35
39,22,81
39,25,7
39,26,94
39,27,50
39,28,75
39,29,70
39,30,35
39,31,70
39,33,36
39,34,87
39,35,11
39,36,50
39,39,1
39,41,41
39,42,81
39,43,73
39,44,19
39,45,14
39,46,62
39,47,8
39,48,76
39,50,3
39,52,91
39,53,10
39,54,81
39,56,25
39,58,50
39,59,55
39,60,22
39,61,11
39,62,51
39,63,87
39,65,95
39,66,90
39,67,77
39,69,76
39,70,24
39,73,66
39,75,47
39,76,85
39,78,69
39,79,15
39,80,85
39,82,73
39,83,76
39,84,97
39,85,98
39,87,91
39,88,52
39,89,41
39,90,24
39,91,73
39,92,59
39,94,81
39,98,51
39,100,14
40,2,42
40,3,9
40,5,84
40,6,49
40,7,27
40,8,80
40,9,93
40,10,36
40,11,52
40,14,34
40,15,10
40,19,85
40,20,36
40,21,68
40,22,39
40,24,63
40,25,68
40,27,49
40,28,89
40,29,94
40,30,45
40,35,40
40,38,40
40,39,73
40,41,93
40,42,91
40,43,3
40,44,95
40,47,72
40,49,66
40,50,75
40,51,88
40,52,42
40,53,86
40,55,73
40,56,71
40,57,20
40,58,50
40,60,41
40,61,28
40,62,80
40,63,97
40,64,76
40,65,6
40,67,81
40,68,96
40,70,59
40,74,29
40,75,62
40,76,14
40,77,15
40,78,6
40,79,19
40,82,3
40,83,50
40,84,11
40,88,11
40,90,70
40,91,83
40,94,76
40,95,15
40,97,30
40,99,31
40,100,0
41,3,69
41,4,13
41,5,77
41,6,26
41,7,91
41,8,33
41,10,16
41,11,29
41,13,4
41,14,49
41,15,79
41,17,62
41,18,38
41,19,16
41,20,95
41,21,7
41,22,27
41,23,54
41,24,30
41,25,43
41,26,54
41,27,70
41,28,93
41,29,39
41,31,84
41,32,8
41,33,35
41,34,65
41,35,67
41,37,16
41,38,37
41,39,56
41,40,6
41,41,77
41,45,4
41,46,7
41,47,10
41,49,46
41,50,69
41,52,67
41,55,48
41,56,51
41,57,75
41,58,26
41,59,4
41,60,48
41,61,46
41,62,67
41,63,54
41,64,85
41,65,79
41,66,62
41,67,62
41,68,70
41,69,24
41,70,16
41,74,10
41,76,81
41,78,82
41,79,83
41,81,86
41,83,71
41,85,64
41,86,11
41,87,38
41,88,61
41,89,30
41,90,87
41,91,97
41,92,76
41,94,9
41,95,86
41,96,70
41,97,61
41,99,34
41,100,78
42,1,50
42,2,26
42,3,73
42,4,44
42,5,32
42,7,71
42,8,13
42,9,68
42,10,54
42,11,21
42,12,73
42,13,61
42,14,13
42,15,68
42,17,43
42,18,41
42,20,14
42,21,18
42,22,23
42,23,65
42,24,37
42,25,47
42,27,54
42,28,31
42,29,59
42,30,8
42,31,40
42,32,66
42,33,27
42,34,11
42,38,75
42,39,87
42,40,1
42,41,44
42,42,30
42,43,47
42,46,24
42,47,45
42,50,91
42,52,94
42,53,19
42,55,55
42,57,30
42,58,58
42,59,51
42,60,77
42,62,21
42,63,33
42,64,74
42,66,19
42,68,62
42,72,73
42,74,57
42,75,49
42,77,0
42,79,3
42,83,11
42,87,36
42,88,30
42,89,74
42,90,0
42,92,50
42,97,7
42,99,59
42,100,56
43,2,46
43,3,15
43,4,45
43,5,44
43,6,77
43,7,39
43,8,20
43,9,78
43,10,51
43,12,14
43,14,76
43,15,73
43,16,56
43,17,74
43,18,77
43,20,44
43,21,23
43,23,32
43,24,26
43,25,93
43,27,71
43,30,21
43,31,91
43,32,48
43,34,19
43,35,78
43,36,64
43,37,18
43,38,3
43,40,92
43,41,2
43,42,59
43,43,4
43,44,31
43,45,15
43,46,80
43,47,14
43,51,66
43,53,96
43,54,73
43,55,49
43,56,58
43,57,37
43,59,91
43,60,99
43,62,8
43,64,24
43,66,61
43,67,2
43,68,70
43,69,18
43,71,66
43,73,21
43,74,64
43,75,91
43,76,33
43,77,45
43,78,78
43,79,66
43,81,12
43,84,75
43,85,94
43,86,28
43,88,84
43,92,36
43,94,67
43,95,98
43,96,32
43,97,0
44,1,18
44,2,15
44,5,75
44,9,16
44,11,31
44,15,38
44,16,26
44,18,11
44,19,41
44,20,39
44,23,38
44,25,61
44,26,54
44,27,3
44,28,58
44,31,3
44,32,17
44,33,89
44,35,68
44,36,51
44,37,78
44,38,52
44,39,3
44,40,75
44,42,53
44,43,58
44,44,36
44,45,17
44,46,33
44,47,70
44,48,84
44,49,11
44,50,94
44,51,41
44,52,76
44,53,67
44,54,25
44,55,76
44,56,64
44,57,81
44,58,77
44,59,77
44,61,94
44,62,85
44,63,35
44,65,74
44,66,23
44,68,17
44,69,38
44,70,30
44,71,66
44,72,87
44,73,83
44,74,55
44,75,38
44,77,3
44,78,76
44,80,42
44,81,58
44,84,67
44,85,56
44,86,65
44,87,26
44,88,58
44,94,26
44,97,35
44,100,19
45,1,57
45,3,1
45,4,61
45,9,16
45,12,79
45,15,45
45,16,77
45,19,86
45,20,22
45,21,40
45,22,58
45,23,45
45,24,27
45,25,79
45,26,27
45,27,25
45,28,75
45,31,0
45,32,57
45,33,19
45,35,93
45,36,86
45,38,87
45,40,45
45,41,38
45,42,0
45,43,88
45,44,23
45,45,19
45,46,4
45,48,11
45,49,36
45,50,24
45,51,7
45,55,14
45,57,69
45,58,96
45,59,89
45,62,92
45,63,60
45,65,32
45,67,74
45,71,81
45,72,15
45,73,70
45,74,64
45,75,21
45,77,24
45,78,96
45,79,15
45,80,50
45,82,62
45,83,32
45,85,62
45,86,46
45,87,30
45,88,52
45,89,70
45,90,74
45,91,22
45,93,89
45,94,30
45,95,64
45,96,68
45,97,45
45,98,31
45,99,9
45,100,2
46,1,29
46,3,1
46,4,19
46,5,57
46,6,11
46,9,93
46,10,75
46,12,28
46,13,53
46,14,32
46,16,15
46,18,30
46,19,4
46,20,86
46,21,61
46,23,66
46,24,30
46,25,83
46,26,16
46,28,43
46,29,95
46,31,1
46,32,4
46,33,95
46,34,13
46,35,2
46,36,84
46,38,5
46,39,55
46,41,56
46,42,20
46,44,88
46,45,17
46,46,15
46,49,18
46,50,91
46,51,70
46,52,35
46,53,14
46,54,39
46,57,4
46,59,46
46,60,18
46,61,83
46,62,58
46,63,20
46,65,37
46,67,7
46,68,49
46,70,13
46,72,27
46,73,86
46,76,11
46,77,25
46,78,33
46,79,79
46,80,47
46,84,95
46,86,53
46,87,94
46,88,45
46,89,16
46,90,35
46,91,94
46,92,54
46,94,66
46,95,34
46,96,77
46,97,7
46,98,29
46,99,18
46,100,75
47,1,9
47,3,26
47,4,74
47,5,85
47,6,37
47,7,37
47,8,97
47,10,54
47,13,37
47,15,96
47,16,99
47,17,26
47,19,92
47,20,19
47,21,35
47,22,85
47,23,53
47,24,47
47,25,16
47,26,75
47,27,68
47,28,69
47,30,6
47,31,91
47,35,96
47,37,40
47,38,85
47,39,85
47,40,88
47,41,55
47,42,43
47,45,8
47,46,42
47,47,60
47,49,18
47,50,1
47,51,80
47,52,70
47,53,84
47,56,74
47,58,28
47,60,84
47,62,69
47,64,29
47,66,18
47,68,80
47,69,36
47,70,9
47,71,76
47,72,45
47,73,69
47,74,95
47,75,88
47,76,24
47,78,8
47,81,95
47,83,50
47,87,8
47,89,41
47,91,17
47,93,77
47,94,53
47,95,13
47,96,41
47,97,95
47,98,97
47,100,78
48,1,0
48,3,59
48,7,48
48,8,65
48,9,9
48,11,96
48,13,1
48,14,50
48,15,30
48,16,42
48,17,37
48,18,77
48,20,78
48,21,67
48,22,20
48,24,45
48,27,78
48,28,45
48,29,63
48,30,29
48,31,98
48,33,80
48,34,54
48,35,59
48,37,75
48,39,31
48,41,51
48,43,48
48,44,80
48,45,91
48,48,11
48,49,16
48,52,40
48,53,70
48,55,29
48,57,56
48,58,98
48,60,87
48,64,95
48,65,50
48,66,88
48,69,23
48,70,27
48,71,41
48,72,33
48,73,13
48,75,37
48,76,49
48,77,70
48,79,9
48,81,70
48,82,36
48,83,22
48,84,51
48,85,0
48,86,4
48,87,30
48,89,50
48,91,63
48,92,44
48,95,30
48,97,42
48,98,66
48,99,68
49,2,12
49,3,35
49,4,98
49,6,92
49,11,83
49,12,15
49,13,38
49,15,69
49,16,11
49,17,18
49,18,46
49,19,67
49,21,79
49,23,24
49,24,43
49,25,60
49,26,15
49,27,86
49,29,72
49,32,84
49,33,32
49,35,95
49,37,93
49,38,90
49,39,32
49,40,33
49,42,0
49,45,97
49,47,83
49,48,83
49,49,74
49,50,71
49,51,72
49,53,17
49,54,92
49,55,95
49,56,79
49,58,1
49,59,27
49,60,45
49,61,69
49,63,55
49,64,45
49,66,53
49,67,39
49,69,63
49,70,34
49,73,21
49,74,32
49,75,88
49,78,50
49,83,72
49,84,1
49,85,9
49,88,41
49,89,31
49,92,37
49,93,43
49,96,14
49,97,50
49,98,59
49,99,23
49,100,15
50,1,75
50,2,77
50,3,56
50,7,20
50,8,88
50,9,61
50,10,66
50,11,49
50,12,61
50,13,42
50,14,27
50,15,99
50,16,36
50,17,95
50,18,63
50,19,14
50,20,90
50,23,10
50,24,4
50,25,24
50,26,56
50,27,88
50,28,70
50,29,34
50,31,61
50,33,93
50,35,88
50,36,95
50,38,38
50,39,16
50,43,92
50,46,84
50,47,97
50,49,99
50,50,56
50,52,81
50,53,82
50,55,71
50,57,45
50,60,75
50,61,50
50,63,95
50,65,52
50,66,77
50,67,59
50,68,49
50,69,77
50,71,10
50,72,6
50,73,91
50,74,0
50,75,75
50,76,6
50,77,34
50,79,87
50,80,34
50,81,48
50,84,41
50,87,85
50,88,83
50,89,35
50,93,49
50,95,76
50,97,65
50,99,56
51,1,43
51,2,30
51,6,85
51,7,17
51,8,28
51,9,83
51,10,62
51,12,16
51,14,25
51,15,55
51,17,92
51,18,53
51,20,48
51,21,92
51,22,51
51,24,88
51,25,74
51,27,74
51,29,89
51,30,8
51,31,99
51,33,31
51,35,27
51,37,32
51,38,12
51,39,95
51,41,99
51,42,19
51,43,8
51,44,98
51,45,20
51,47,9
51,48,0
51,49,43
51,50,96
51,51,79
51,54,20
51,58,68
51,60,67
51,62,7
51,63,98
51,65,18
51,67,79
51,68,38
51,70,50
51,72,29
51,74,19
51,75,4
51,76,68
51,77,60
51,78,8
51,79,56
51,80,87
51,82,96
51,83,80
51,85,59
51,86,88
51,88,38
51,89,44
51,90,60
51,92,96
51,93,82
51,94,42
51,95,26
51,98,15
51,99,44
52,1,4
52,2,6
52,3,21
52,5,78
52,6,32
52,7,74
52,11,84
52,13,0
52,14,18
52,15,2
52,16,9
52,18,6
52,19,63
52,20,60
52,22,82
52,23,59
52,24,2
52,25,39
52,27,27
52,28,37
52,29,75
52,30,64
52,31,82
52,34,52
52,35,81
52,36,48
52,37,21
52,38,18
52,39,42
52,40,97
52,43,94
52,45,73
52,47,37
52,49,1
52,50,21
52,51,72
52,52,44
52,54,55
52,55,25
52,56,82
52,58,77
52,63,29
52,64,38
52,65,96
52,66,40
52,67,50
52,69,71
52,72,33
52,73,0
52,75,78
52,79,90
52,80,94
52,81,88
52,82,3
52,83,85
52,84,91
52,85,50
52,86,51
52,87,19
52,90,94
52,91,10
52,92,6
52,93,25
52,94,53
52,96,95
52,97,99
52,99,46
52,100,92
53,1,34
53,2,32
53,4,83
53,9,5
53,12,86
53,13,77
53,17,68
53,19,89
53,20,11
53,21,31
53,22,51
53,23,78
53,24,63
53,25,18
53,26,72
53,29,14
53,31,0
53,33,9
53,34,85
53,35,36
53,36,40
53,37,61
53,38,95
53,39,97
53,41,75
53,42,27
53,43,56
53,44,61
53,45,50
53,46,4
53,49,20
53,50,66
53,54,41
53,56,2
53,57,0
53,58,87
53,61,84
53,62,51
53,63,97
53,64,31
53,72,57
53,73,65
53,74,60
53,75,37
53,76,60
53,77,65
53,78,13
53,79,75
53,82,31
53,83,64
53,85,64
53,86,7
53,87,24
53,89,74
53,90,76
53,92,88
53,93,48
53,94,62
53,97,92
53,98,49
53,99,36
53,100,4
54,1,32
54,2,50
54,5,41
54,7,32
54,8,65
54,9,48
54,11,98
54,12,7
54,13,4
54,14,86
54,15,18
54,18,3
54,19,83
54,20,29
54,21,35
54,25,99
54,26,71
54,27,70
54,29,71
54,30,70
54,31,81
54,32,60
54,33,74
54,36,84
54,38,68
54,40,1
54,41,89
54,42,58
54,44,20
54,45,60
54,47,53
54,48,71
54,52,55
54,54,86
54,56,70
54,57,48
54,58,87
54,59,44
54,60,42
54,62,49
54,64,79
54,66,81
54,67,10
54,68,78
54,69,60
54,70,13
54,73,15
54,76,31
54,77,44
54,80,27
54,81,45
54,82,33
54,83,8
54,86,80
54,87,97
54,88,10
54,89,90
54,91,1
54,92,9
54,94,66
54,96,11
54,97,75
54,98,83
54,99,73
55,1,70
55,2,39
55,4,71
55,5,9
55,6,78
55,7,24
55,9,25
55,11,62
55,12,41
55,13,98
55,14,85
55,15,32
55,16,98
55,17,32
55,19,51
55,20,92
55,21,21
55,23,55
55,24,44
55,26,57
55,27,76
55,28,19
55,29,25
55,31,81
55,32,31
55,34,81
55,35,42
55,38,90
55,39,62
55,44,84
55,45,87
55,46,8
55,47,25
55,48,74
55,49,31
55,50,83
55,51,15
55,52,84
55,54,26
55,55,72
55,59,48
55,61,67
55,62,58
55,65,78
55,66,29
55,67,96
55,70,67
55,71,95
55,72,98
55,74,77
55,75,64
55,76,22
55,79,3
55,80,89
55,81,24
55,82,28
55,83,90
55,85,48
55,89,7
55,90,21
55,91,6
55,92,67
55,94,84
55,97,76
55,99,42
55,100,93
56,1,53
56,2,42
56,4,50
56,5,16
56,10,15
56,11,2
56,12,96
56,14,80
56,15,25
56,16,6
56,20,65
56,23,9
56,26,66
56,28,54
56,29,51
56,31,80
56,34,89
56,35,8
56,37,56
56,39,27
56,40,44
56,41,88
56,42,83
56,43,93
56,45,59
56,48,46
56,49,64
56,51,65
56,52,26
56,53,80
56,54,73
56,58,22
56,59,95
56,60,12
56,62,62
56,63,46
56,64,71
56,65,38
56,66,67
56,68,52
56,71,33
56,72,46
56,74,71
56,75,49
56,76,88
56,77,70
56,78,34
56,79,60
56,80,49
56,81,23
56,82,27
56,84,94
56,86,98
56,87,35
56,88,10
56,89,58
56,90,11
56,91,48
56,92,56
56,93,82
56,94,48
56,96,60
56,97,17
56,98,91
56,99,46
56,100,3
57,1,74
57,2,90
57,3,54
57,6,12
57,7,78
57,9,91
57,10,88
57,11,81
57,12,46
57,13,48
57,15,67
57,17,13
57,19,5
57,20,31
57,21,39
57,23,4
57,24,15
57,29,15
57,31,49
57,32,3
57,34,66
57,35,49
57,36,73
57,37,35
57,40,67
57,41,12
57,42,23
57,43,13
57,44,70
57,46,72
57,47,70
57,50,95
57,53,8
57,54,78
57,57,20
57,60,60
57,61,5
57,64,82
57,65,95
57,66,54
57,67,18
57,70,44
57,71,48
57,72,9
57,73,97
57,74,93
57,76,14
57,77,99
57,78,58
57,79,64
57,80,99
57,81,61
57,82,84
57,83,57
57,84,66
57,85,89
57,87,69
57,89,30
57,91,17
57,92,48
57,93,40
57,94,49
57,96,39
57,98,38
57,99,92
58,2,49
58,4,35
58,6,66
58,7,55
58,8,80
58,10,50
58,11,53
58,12,6
58,13,2
58,14,3
58,15,68
58,16,79
58,17,79
58,18,8
58,19,73
58,20,79
58,21,82
58,22,74
58,23,18
58,24,17
58,25,95
58,26,24
58,28,82
58,31,3
58,32,7
58,33,94
58,35,17
58,36,93
58,37,89
58,38,51
58,39,87
58,41,6
58,42,78
58,43,62
58,44,93
58,45,69
58,46,62
58,47,15
58,48,6
58,49,60
58,50,2
58,52,90
58,53,64
58,54,98
58,56,86
58,57,15
58,60,12
58,61,42
58,63,12
58,65,55
58,68,26
58,69,66
58,70,14
58,71,70
58,72,57
58,73,38
58,74,8
58,75,73
58,76,20
58,78,85
58,79,62
58,80,8
58,81,27
58,83,79
58,84,96
58,85,69
58,86,38
58,87,7
58,90,62
58,91,40
58,92,90
58,93,97
58,94,3
58,96,71
58,97,42
58,98,6
58,99,46
58,100,1
59,1,36
59,2,51
59,3,49
59,5,10
59,6,26
59,7,22
59,8,47
59,11,27
59,12,14
59,13,59
59,15,42
59,16,90
59,18,43
59,19,82
59,21,37
59,22,7
59,23,66
59,25,91
59,26,91
59,27,7
59,28,35
59,29,12
59,31,71
59,32,33
59,34,75
59,36,70
59,37,29
59,42,65
59,43,75
59,46,33
59,47,24
59,48,14
59,51,75
59,54,57
59,55,87
59,56,13
59,57,37
59,59,85
59,60,16
59,61,77
59,62,19
59,63,2
59,64,53
59,65,13
59,66,96
59,67,32
59,69,76
59,70,15
59,71,96
59,73,9
59,74,86
59,75,0
59,76,68
59,77,16
59,78,30
59,79,17
59,80,72
59,82,38
59,83,14
59,85,79
59,86,93
59,87,84
59,88,56
59,89,28
59,90,53
59,92,53
59,93,42
59,94,1
59,98,89
60,1,51
60,2,74
60,3,30
60,6,13
60,12,65
60,14,18
60,16,40
60,17,45
60,18,77
60,23,42
60,24,18
60,27,98
60,28,37
60,29,55
60,30,33
60,31,99
60,32,88
60,33,21
60,34,17
60,35,63
60,36,57
60,37,17
60,38,84
60,40,78
60,41,5
60,43,81
60,44,73
60,45,62
60,46,29
60,47,70
60,48,50
60,49,93
60,51,62
60,52,1
60,53,95
60,54,46
60,55,30
60,56,28
60,57,45
60,58,51
60,59,15
60,61,85
60,62,76
60,63,5
60,64,98
60,65,61
60,67,46
60,69,99
60,70,60
60,71,33
60,72,75
60,73,78
60,74,30
60,75,87
60,76,31
60,78,68
60,79,21
60,80,42
60,83,32
60,84,78
60,85,33
60,86,30
60,87,4
60,88,52
60,89,51
60,91,87
60,93,74
60,96,13
60,97,94
60,99,37
61,1,87
61,5,85
61,7,4
61,9,9
61,12,62
61,13,13
61,14,45
61,15,48
61,16,42
61,17,97
61,20,85
61,21,73
61,22,70
61,23,96
61,24,53
61,25,64
61,28,49
61,30,11
61,34,65
61,35,76
61,38,87
61,39,11
61,40,93
61,41,0
61,42,28
61,43,23
61,44,44
61,46,72
61,48,30
61,49,70
61,50,19
61,52,84
61,53,10
61,54,56
61,55,82
61,56,99
61,61,16
61,62,64
61,65,60
61,66,16
61,69,41
61,70,71
61,71,99
61,72,17
61,74,74
61,76,57
61,79,32
61,80,23
61,81,11
61,82,3
61,84,63
61,85,8
61,86,50
61,87,76
61,88,32
61,90,40
61,91,77
61,92,62
61,93,77
61,94,70
61,95,54
61,96,26
61,98,90
61,99,57
61,100,9
62,1,49
62,2,8
62,4,36
62,5,14
62,7,54
62,8,15
62,9,57
62,10,75
62,11,63
62,12,82
62,13,76
62,14,24
62,15,29
62,18,54
62,19,9
62,26,85
62,27,1
62,31,38
62,32,10
62,33,73
62,35,85
62,36,83
62,37,37
62,38,53
62,39,32
62,41,8
62,42,61
62,44,19
62,45,72
62,46,97
62,48,44
62,49,72
62,50,61
62,51,37
62,52,30
62,55,82
62,57,25
62,58,65
62,60,19
62,61,18
62,63,63
62,64,91
62,65,90
62,66,8
62,68,66
62,71,6
62,72,49
62,73,75
62,74,38
62,75,56
62,76,42
62,80,75
62,83,0
62,84,3
62,86,63
62,87,31
62,88,34
62,89,86
62,91,35
62,93,66
62,95,74
62,96,3
62,97,99
62,98,15
62,99,9
62,100,65
63,1,86
63,4,84
63,6,66
63,10,89
63,12,73
63,13,49
63,14,83
63,15,89
63,16,43
63,17,69
63,18,16
63,19,35
63,20,86
63,22,6
63,23,91
63,24,10
63,25,89
63,26,25
63,28,73
63,29,14
63,30,90
63,31,69
63,34,38
63,35,82
63,36,24
63,37,35
63,38,30
63,39,69
63,40,60
63,41,36
63,42,19
63,44,50
63,45,98
63,46,73
63,47,48
63,48,42
63,51,17
63,52,41
63,53,23
63,55,86
63,56,28
63,60,3
63,61,3
63,64,16
63,66,41
63,67,11
63,68,79
63,69,37
63,71,88
63,72,88
63,73,42
63,76,79
63,78,67
63,79,57
63,80,92
63,81,71
63,82,30
63,83,61
63,86,86
63,87,67
63,91,66
63,92,27
63,93,67
63,96,32
63,97,65
64,1,20
64,2,14
64,3,81
64,4,25
64,6,11
64,9,90
64,11,8
64,13,68
64,14,54
64,15,84
64,17,49
64,18,18
64,20,38
64,21,89
64,22,5
64,24,8
64,25,29
64,26,39
64,27,2
64,28,20
64,29,9
64,30,31
64,31,5
64,33,43
64,34,32
64,37,30
64,38,32
64,39,8
64,41,26
64,42,8
64,43,9
64,44,23
64,47,26
64,49,57
64,50,51
64,51,28
64,52,10
64,53,1
64,54,72
64,55,4
64,56,2
64,58,42
64,59,93
64,60,97
64,61,53
64,63,94
64,64,92
64,65,14
64,66,41
64,69,16
64,70,34
64,71,7
64,72,52
64,75,27
64,77,18
64,78,3
64,80,57
64,82,51
64,83,68
64,85,21
64,86,45
64,87,63
64,90,82
64,92,34
64,95,94
64,97,64
64,99,31
64,100,54
65,1,71
65,2,33
65,3,5
65,4,12
65,5,57
65,7,22
65,8,11
65,9,89
65,10,90
65,11,41
65,14,76
65,15,16
65,16,49
65,17,79
65,23,71
65,24,93
65,25,30
65,26,51
65,27,66
65,28,58
65,31,30
65,32,20
65,33,9
65,35,83
65,36,88
65,37,13
65,38,3
65,40,50
65,41,40
65,42,23
65,43,99
65,44,39
65,47,6
65,48,15
65,50,35
65,51,78
65,53,13
65,55,27
65,56,87
65,57,53
65,58,33
65,59,31
65,60,71
65,61,27
65,62,93
65,63,82
65,65,18
65,66,44
65,67,98
65,68,64
65,69,19
65,70,40
65,71,57
65,72,70
65,73,24
65,74,73
65,76,1
65,77,98
65,78,44
65,80,78
65,82,96
65,84,83
65,85,25
65,86,70
65,88,11
65,89,34
65,90,98
65,91,57
65,92,47
65,94,0
65,95,53
65,96,20
65,97,11
65,98,35
66,2,30
66,3,56
66,6,7
66,10,29
66,12,40
66,13,89
66,14,66
66,16,0
66,17,97
66,18,41
66,19,60
66,20,16
66,21,71
66,22,47
66,23,0
66,25,65
66,26,53
66,28,20
66,31,15
66,32,4
66,33,1
66,34,23
66,35,68
66,36,30
66,40,75
66,41,19
66,42,97
66,43,88
66,45,41
66,47,13
66,48,19
66,49,71
66,50,56
66,51,21
66,52,79
66,53,32
66,54,1
66,56,99
66,57,27
66,58,56
66,61,96
66,62,81
66,63,37
66,64,3
66,66,55
66,67,87
66,68,21
66,70,53
66,71,60
66,74,52
66,75,58
66,78,40
66,79,94
66,81,75
66,82,70
66,83,82
66,86,33
66,87,4
66,88,87
66,90,18
66,91,12
66,92,16
66,93,34
66,95,14
66,96,88
66,97,87
66,98,68
66,99,55
67,1,37
67,5,55
67,6,46
67,7,14
67,10,69
67,11,26
67,13,52
67,14,16
67,15,75
67,17,52
67,18,47
67,21,97
67,22,14
67,24,21
67,25,62
67,27,19
67,28,33
67,31,27
67,33,13
67,34,9
67,35,71
67,36,40
67,39,61
67,40,49
67,42,28
67,43,61
67,44,11
67,46,83
67,47,0
67,49,11
67,50,59
67,51,16
67,53,5
67,55,97
67,56,20
67,57,6
67,58,50
67,59,34
67,62,17
67,63,25
67,64,88
67,65,36
67,66,95
67,67,67
67,68,27
67,69,81
67,70,40
67,72,38
67,74,39
67,76,90
67,77,47
67,80,38
67,81,19
67,83,7
67,84,74
67,85,62
67,86,60
67,88,93
67,89,17
67,90,52
67,91,49
67,92,46
67,93,28
67,94,56
67,95,57
67,96,69
67,98,41
67,99,9
68,2,6
68,3,28
68,4,40
68,5,11
68,6,74
68,7,49
68,8,85
68,9,27
68,11,64
68,12,23
68,13,52
68,14,69
68,17,61
68,18,29
68,19,43
68,21,61
68,22,34
68,24,60
68,26,41
68,27,82
68,28,67
68,29,36
68,30,1
68,31,45
68,32,31
68,33,35
68,34,10
68,35,56
68,36,68
68,37,87
68,38,4
68,41,33
68,43,74
68,44,17
68,45,30
68,46,83
68,47,48
68,48,21
68,50,18
68,51,4
68,52,5
68,54,73
68,55,26
68,56,2
68,57,9
68,60,7
68,62,24
68,63,68
68,64,90
68,65,72
68,66,64
68,69,51
68,70,14
68,71,30
68,72,82
68,73,79
68,75,78
68,76,53
68,78,60
68,79,59
68,82,60
68,84,33
68,87,23
68,89,44
68,90,64
68,91,37
68,93,68
68,94,83
68,97,62
68,99,85
68,100,37
69,2,97
69,3,14
69,4,1
69,6,77
69,7,41
69,8,56
69,10,45
69,12,66
69,13,37
69,16,27
69,17,74
69,21,40
69,22,26
69,23,43
69,24,8
69,25,57
69,26,70
69,27,87
69,29,85
69,30,32
69,31,78
69,32,16
69,33,48
69,36,12
69,37,38
69,39,51
69,40,87
69,41,55
69,42,76
69,43,26
69,45,14
69,46,77
69,48,61
69,50,83
69,52,31
69,55,30
69,57,78
69,58,99
69,59,46
69,60,60
69,61,21
69,62,19
69,63,23
69,64,46
69,68,38
69,73,26
69,74,38
69,75,11
69,76,34
69,77,85
69,78,16
69,79,52
69,80,52
69,83,52
69,84,18
69,85,55
69,86,17
69,87,28
69,90,47
69,91,11
69,92,88
69,93,24
69,94,45
69,96,14
69,97,67
70,2,0
70,3,40
70,5,69
70,7,97
70,8,81
70,9,91
70,10,87
70,12,14
70,13,28
70,14,14
70,15,78
70,21,77
70,22,93
70,23,17
70,26,54
70,27,87
70,28,64
70,29,1
70,32,18
70,34,30
70,35,77
70,36,39
70,38,47
70,39,79
70,40,10
70,41,45
70,42,51
70,45,23
70,46,94
70,47,39
70,48,95
70,49,54
70,51,89
70,53,19
70,55,58
70,57,58
70,61,5
70,62,28
70,63,18
70,66,80
70,67,19
70,69,21
70,70,16
70,71,23
70,72,84
70,73,18
70,74,52
70,75,10
70,76,42
70,77,31
70,78,28
70,80,69
70,82,86
70,83,65
70,84,1
70,86,23
70,90,28
70,92,98
70,93,53
70,95,16
70,97,99
70,99,31
70,100,7
71,2,45
71,3,55
71,4,16
71,6,91
71,7,53
71,10,3
71,11,31
71,12,41
71,13,13
71,14,7
71,17,9
71,19,68
71,20,8
71,22,63
71,24,14
71,26,96
71,27,1
71,28,81
71,29,21
71,31,14
71,33,24
71,36,60
71,37,77
71,39,50
71,40,67
71,42,72
71,43,64
71,46,66
71,47,97
71,48,51
71,53,87
71,54,51
71,55,45
71,56,95
71,57,42
71,59,29
71,61,30
71,62,13
71,63,58
71,64,7
71,65,51
71,66,27
71,68,94
71,69,10
71,73,38
71,74,66
71,76,8
71,77,19
71,79,86
71,81,99
71,82,2
71,83,73
71,84,57
71,85,9
71,87,3
71,88,66
71,89,81
71,91,71
71,95,82
71,96,20
71,100,91
72,3,15
72,4,75
72,5,9
72,8,39
72,9,31
72,10,23
72,11,1
72,13,75
72,14,30
72,15,50
72,17,97
72,20,17
72,21,33
72,22,4
72,23,9
72,24,44
72,25,31
72,26,36
72,28,11
72,31,15
72,33,45
72,34,63
72,35,94
72,36,7
72,38,76
72,39,85
72,40,45
72,41,70
72,43,17
72,44,73
72,45,8
72,47,94
72,49,9
72,50,88
72,51,54
72,52,54
72,53,16
72,54,12
72,57,2
72,58,98
72,61,37
72,62,3
72,64,11
72,65,17
72,66,1
72,67,66
72,68,85
72,70,89
72,71,46
72,74,22
72,75,64
72,76,36
72,77,25
72,78,23
72,79,1
72,84,19
72,86,15
72,87,90
72,88,38
72,89,89
72,90,34
72,91,12
72,93,96
72,94,46
72,95,23
72,96,42
73,2,65
73,3,68
73,4,63
73,5,28
73,6,84
73,8,25
73,11,0
73,12,42
73,14,88
73,16,12
73,17,60
73,18,71
73,19,21
73,20,54
73,21,88
73,22,0
73,23,46
73,25,12
73,26,85
73,27,30
73,28,0
73,29,99
73,30,93
73,32,55
73,33,5
73,34,6
73,35,5
73,39,84
73,40,69
73,43,67
73,44,29
73,45,39
73,48,18
73,49,40
73,50,49
73,51,71
73,52,78
73,53,59
73,54,44
73,55,2
73,57,38
73,60,8
73,61,17
73,62,83
73,63,87
73,64,82
73,65,12
73,66,19
73,67,96
73,69,49
73,70,37
73,71,29
73,72,50
73,73,89
73,74,22
73,78,38
73,79,82
73,81,70
73,82,97
73,83,31
73,84,20
73,85,89
73,86,9
73,87,35
73,88,51
73,89,32
73,91,73
73,94,95
73,95,82
73,97,64
73,98,0
73,100,97
74,2,41
74,3,73
74,5,82
74,6,55
74,7,24
74,8,66
74,10,39
74,11,45
74,12,35
74,13,73
74,14,30
74,15,83
74,18,79
74,19,76
74,20,67
74,22,87
74,24,94
74,25,4
74,26,83
74,27,40
74,28,22
74,31,30
74,32,81
74,34,17
74,35,4
74,36,23
74,38,96
74,39,56
74,42,32
74,43,8
74,45,43
74,47,70
74,48,17
74,49,53
74,50,26
74,52,6
74,53,4
74,54,35
74,56,94
74,57,64
74,58,30
74,59,93
74,61,2
74,62,48
74,65,67
74,67,55
74,68,96
74,70,9
74,71,66
74,72,53
74,74,82
74,75,23
74,77,53
74,78,91
74,80,45
74,82,42
74,84,62
74,85,75
74,87,23
74,90,41
74,92,94
74,93,97
74,94,16
74,96,65
74,98,8
74,99,64
74,100,17
75,2,13
75,3,10
75,4,67
75,6,43
75,7,66
75,8,74
75,10,20
75,12,48
75,13,99
75,14,35
75,15,42
75,16,23
75,17,1
75,19,1
75,21,11
75,22,29
75,23,51
75,24,23
75,25,52
75,26,51
75,28,53
75,29,18
75,30,62
75,31,11
75,32,88
75,36,54
75,37,62
75,40,97
75,41,68
75,42,36
75,43,67
75,44,93
75,45,25
75,47,89
75,49,51
75,50,10
75,51,70
75,53,17
75,54,64
75,55,44
75,56,16
75,57,73
75,60,16
75,63,30
75,64,34
75,65,88
75,66,29
75,68,59
75,69,70
75,70,71
75,71,46
75,73,83
75,76,71
75,78,60
75,81,9
75,82,27
75,83,43
75,84,61
75,85,53
75,86,46
75,90,74
75,92,79
75,93,74
75,94,6
75,95,0
75,97,12
75,98,57
75,99,28
75,100,37
76,1,10
76,3,29
76,4,14
76,7,43
76,9,38
76,10,22
76,11,41
76,12,84
76,13,3
76,17,34
76,18,82
76,19,15
76,20,62
76,21,49
76,22,43
76,23,18
76,24,85
76,25,97
76,26,4
76,27,2
76,28,5
76,29,17
76,30,9
76,32,25
76,34,3
76,36,19
76,37,49
76,42,63
76,43,32
76,45,12
76,46,31
76,51,12
76,52,89
76,53,59
76,54,99
76,56,38
76,57,20
76,59,99
76,61,46
76,62,95
76,63,77
76,64,42
76,65,45
76,66,76
76,67,81
76,69,15
76,70,61
76,71,2
76,72,41
76,76,90
76,77,15
76,78,87
76,79,74
76,82,96
76,83,13
76,86,26
76,89,46
76,92,62
76,93,14
76,94,51
76,95,23
76,96,51
76,97,68
76,98,4
76,99,72
77,1,20
77,2,59
77,8,66
77,10,2
77,11,82
77,12,50
77,13,55
77,14,63
77,15,95
77,16,68
77,17,10
77,18,57
77,19,57
77,20,98
77,22,33
77,23,33
77,24,34
77,25,11
77,26,53
77,29,98
77,30,64
77,32,12
77,33,98
77,35,8
77,36,79
77,38,8
77,39,73
77,41,47
77,43,81
77,45,87
77,47,27
77,49,56
77,52,73
77,54,6
77,55,58
77,56,45
77,61,4
77,62,28
77,64,62
77,65,22
77,67,35
77,68,3
77,71,3
77,72,85
77,73,87
77,74,60
77,75,46
77,76,76
77,77,10
77,78,35
77,79,77
77,80,54
77,82,76
77,85,44
77,86,37
77,87,45
77,90,38
77,91,21
77,92,4
77,94,13
77,96,24
77,97,70
77,98,47
77,99,96
78,1,72
78,2,42
78,3,36
78,4,95
78,5,95
78,8,35
78,11,78
78,13,91
78,15,15
78,17,58
78,18,93
78,19,67
78,20,79
78,21,98
78,22,95
78,23,33
78,24,95
78,25,55
78,26,16
78,27,26
78,28,55
78,29,36
78,30,60
78,31,14
78,32,29
78,34,22
78,35,45
78,36,61
78,37,28
78,39,28
78,42,65
78,44,34
78,45,77
78,46,73
78,48,20
78,50,86
78,53,7
78,55,4
78,58,41
78,59,16
78,60,93
78,61,93
78,62,35
78,64,54
78,65,64
78,66,98
78,67,47
78,68,3
78,69,11
78,72,98
78,73,27
78,74,50
78,75,52
78,76,56
78,77,52
78,80,41
78,81,55
78,83,71
78,85,44
78,86,19
78,87,60
78,89,7
78,91,51
78,92,72
78,93,73
78,96,47
78,97,35
78,98,27
78,99,32
78,100,24
79,1,5
79,3,50
79,4,81
79,5,34
79,6,61
79,7,22
79,9,55
79,10,50
79,11,72
79,13,72
79,14,98
79,18,92
79,20,50
79,21,57
79,24,2
79,25,6
79,26,8
79,28,57
79,29,38
79,31,10
79,32,27
79,33,54
79,35,13
79,36,50
79,37,60
79,38,7
79,39,55
79,41,98
79,43,4
79,48,21
79,49,89
79,50,68
79,51,17
79,53,95
79,54,31
79,55,30
79,56,63
79,57,48
79,58,36
79,59,26
79,60,73
79,61,38
79,62,13
79,63,70
79,64,96
79,65,83
79,67,47
79,68,50
79,72,2
79,74,66
79,75,90
79,76,25
79,77,75
79,78,24
79,79,50
79,80,77
79,81,48
79,83,76
79,85,23
79,87,25
79,88,11
79,90,14
79,91,14
79,92,10
79,93,80
79,94,7
79,96,31
79,97,49
79,98,1
79,99,58
80,2,31
80,4,37
80,6,8
80,7,43
80,10,98
80,11,74
80,12,60
80,14,67
80,15,92
80,16,63
80,18,90
80,20,91
80,21,97
80,27,52
80,29,0
80,30,76
80,33,91
80,34,40
80,36,85
80,37,24
80,38,91
80,39,51
80,40,58
80,41,55
80,42,12
80,43,30
80,45,34
80,47,34
80,48,91
80,51,9
80,52,62
80,53,5
80,54,71
80,55,86
80,56,99
80,58,9
80,59,79
80,60,55
80,61,50
80,62,56
80,63,22
80,64,71
80,66,89
80,67,36
80,69,98
80,70,36
80,72,17
80,74,68
80,75,77
80,76,68
80,77,98
80,80,41
80,82,64
80,83,9
80,84,22
80,86,58
80,88,8
80,89,2
80,92,91
80,96,69
80,97,6
80,98,61
80,100,54
81,1,59
81,6,71
81,7,11
81,8,28
81,9,95
81,10,26
81,11,53
81,12,32
81,14,82
81,15,76
81,16,34
81,18,7
81,19,46
81,20,14
81,21,38
81,23,10
81,24,94
81,25,79
81,28,93
81,29,14
81,31,10
81,32,55
81,34,95
81,35,22
81,36,69
81,39,83
81,41,72
81,42,88
81,43,75
81,44,2
81,45,54
81,46,34
81,47,29
81,49,92
81,50,28
81,51,91
81,52,31
81,53,98
81,54,82
81,55,40
81,56,15
81,57,42
81,59,18
81,60,29
81,61,12
81,62,36
81,63,31
81,65,4
81,66,58
81,67,30
81,68,8
81,71,17
81,73,9
81,74,44
81,75,9
81,76,85
81,77,63
81,78,99
81,79,50
81,81,33
81,82,78
81,83,18
81,85,0
81,86,82
81,87,3
81,89,4
81,90,92
81,91,13
81,93,5
81,94,10
81,96,62
81,97,27
81,98,26
81,99,10
81,100,50
82,1,93
82,2,33
82,4,99
82,5,99
82,6,94
82,8,65
82,9,50
82,11,60
82,12,12
82,13,25
82,15,26
82,16,76
82,17,44
82,18,70
82,19,54
82,20,24
82,23,64
82,24,57
82,25,67
82,26,71
82,27,75
82,28,29
82,30,66
82,32,81
82,33,75
82,36,39
82,39,56
82,40,6
82,41,48
82,43,58
82,44,70
82,45,78
82,46,59
82,47,21
82,49,39
82,50,6
82,52,82
82,53,84
82,55,37
82,57,45
82,60,44
82,61,10
82,62,2
82,63,87
82,67,93
82,68,44
82,70,51
82,72,85
82,73,99
82,75,88
82,76,79
82,78,4
82,81,55
82,82,5
82,84,37
82,86,12
82,87,77
82,89,38
82,90,93
82,91,44
82,92,3
82,94,43
82,95,78
82,96,29
82,97,25
82,98,85
82,100,42
83,2,80
83,3,31
83,5,60
83,6,20
83,7,64
83,9,8
83,11,91
83,12,2
83,13,78
83,15,13
83,19,97
83,21,47
83,22,86
83,23,69
83,25,73
83,28,58
83,29,98
83,30,54
83,31,59
83,32,69
83,34,25
83,35,98
83,37,38
83,38,46
83,39,53
83,40,35
83,43,77
83,44,98
83,45,55
83,46,18
83,49,46
83,51,67
83,52,72
83,53,66
83,54,1
83,55,61
83,59,36
83,60,95
83,61,49
83,62,98
83,63,95
83,64,56
83,65,10
83,66,91
83,67,50
83,68,76
83,69,49
83,70,32
83,71,22
83,72,33
83,73,17
83,74,42
83,75,88
83,76,86
83,79,37
83,81,45
83,82,51
83,83,19
83,84,22
83,86,88
83,87,9
83,88,17
83,90,2
83,91,94
83,92,60
83,93,33
83,94,39
83,96,75
83,98,17
83,100,20
84,3,99
84,4,20
84,5,20
84,6,13
84,7,65
84,10,32
84,12,85
84,13,44
84,15,13
84,16,55
84,18,64
84,19,37
84,20,84
84,22,60
84,23,84
84,24,75
84,26,92
84,27,61
84,29,98
84,30,57
84,31,66
84,32,63
84,33,32
84,34,24
84,36,77
84,37,28
84,38,11
84,39,74
84,40,57
84,41,81
84,42,76
84,43,46
84,44,0
84,45,88
84,47,59
84,48,8
84,49,67
84,50,46
84,51,41
84,52,73
84,53,9
84,55,33
84,56,48
84,57,68
84,58,1
84,59,55
84,60,34
84,63,77
84,64,34
84,65,0
84,66,85
84,67,55
84,68,34
84,69,54
84,70,97
84,71,8
84,73,9
84,74,71
84,75,26
84,76,45
84,81,82
84,83,0
84,84,24
84,85,70
84,87,4
84,88,72
84,90,14
84,93,91
84,94,93
84,95,49
84,96,31
84,97,68
85,3,67
85,4,40
85,7,74
85,8,42
85,9,25
85,14,51
85,16,85
85,17,90
85,18,56
85,19,53
85,20,11
85,22,27
85,23,87
85,24,47
85,25,42
85,26,38
85,27,20
85,28,42
85,29,23
85,30,68
85,31,82
85,32,12
85,35,24
85,37,44
85,40,38
85,42,9
85,44,51
85,47,44
85,49,29
85,50,32
85,51,37
85,52,45
85,54,36
85,55,6
85,56,18
85,59,10
85,61,57
85,62,83
85,65,66
85,66,51
85,67,68
85,68,16
85,69,81
85,70,67
85,71,55
85,72,15
85,74,51
85,75,7
85,76,87
85,77,90
85,78,79
85,79,4
85,80,89
85,81,88
85,82,67
85,83,97
85,85,49
85,86,15
85,87,12
85,88,66
85,90,22
85,91,19
85,92,34
85,93,2
85,95,81
85,96,35
85,97,7
85,98,44
85,99,18
85,100,37
86,1,0
86,2,2
86,3,3
86,5,69
86,9,24
86,12,78
86,13,66
86,16,15
86,19,55
86,20,49
86,21,92
86,22,31
86,23,69
86,24,61
86,26,59
86,27,50
86,28,40
86,29,53
86,33,68
86,34,47
86,35,74
86,37,82
86,38,97
86,39,20
86,41,67
86,42,43
86,45,39
86,46,52
86,47,91
86,49,66
86,50,30
86,51,59
86,53,95
86,54,63
86,55,98
86,56,92
86,57,63
86,59,82
86,60,29
86,61,45
86,63,96
86,64,32
86,67,5
86,68,50
86,71,27
86,72,4
86,73,4
86,77,1
86,80,52
86,81,97
86,84,45
86,85,84
86,89,87
86,92,42
86,93,66
86,94,28
86,95,4
86,98,15
86,99,3
86,100,13
87,3,35
87,5,2
87,6,96
87,9,75
87,10,44
87,12,29
87,13,87
87,15,91
87,17,78
87,18,98
87,21,87
87,24,42
87,25,25
87,26,34
87,29,39
87,30,16
87,31,95
87,32,17
87,34,37
87,36,75
87,37,28
87,38,38
87,39,85
87,40,65
87,42,59
87,43,26
87,44,88
87,45,6
87,47,17
87,48,1
87,49,27
87,50,99
87,51,56
87,53,84
87,55,58
87,56,23
87,58,40
87,59,51
87,60,12
87,62,0
87,65,1
87,66,90
87,67,32
87,69,31
87,70,82
87,71,75
87,72,42
87,73,76
87,76,16
87,77,83
87,78,43
87,79,48
87,80,48
87,81,35
87,82,73
87,83,3
87,84,35
87,85,2
87,86,28
87,87,75
87,89,69
87,90,79
87,92,51
87,94,86
87,95,67
87,96,18
87,98,38
87,100,11
88,1,50
88,2,29
88,3,41
88,5,77
88,6,9
88,7,93
88,8,60
88,9,78
88,10,80
88,11,50
88,14,69
88,16,7
88,17,65
88,18,9
88,19,9
88,21,2
88,22,47
88,23,62
88,24,12
88,26,24
88,27,31
88,28,19
88,29,37
88,30,7
88,32,85
88,33,50
88,34,60
88,35,62
88,36,29
88,39,91
88,40,14
88,41,80
88,42,12
88,43,50
88,44,64
88,45,71
88,46,27
88,47,57
88,48,32
88,50,82
88,51,57
88,52,9
88,53,35
88,54,9
88,56,80
88,57,11
88,58,59
88,59,45
88,60,28
88,62,99
88,63,79
88,65,84
88,66,66
88,67,60
88,68,90
88,70,78
88,71,89
88,74,72
88,75,58
88,77,86
88,78,27
88,80,79
88,81,6
88,86,96
88,87,96
88,90,84
88,91,13
88,92,88
88,93,20
88,95,78
88,98,26
88,99,31
89,1,45
89,2,72
89,3,11
89,5,7
89,6,85
89,7,17
89,8,1
89,9,13
89,10,54
89,11,46
89,12,90
89,13,10
89,14,41
89,16,25
89,19,91
89,21,54
89,22,16
89,24,53
89,26,54
89,27,70
89,28,58
89,29,18
89,33,4
89,34,26
89,35,35
89,36,56
89,37,73
89,38,94
89,41,68
89,47,83
89,48,47
89,49,69
89,51,63
89,52,34
89,54,60
89,55,72
89,56,22
89,57,84
89,59,37
89,60,30
89,61,1
89,63,52
89,64,55
89,65,62
89,66,81
89,70,99
89,71,15
89,73,81
89,75,55
89,76,76
89,79,13
89,80,19
89,82,98
89,83,57
89,84,7
89,85,9
89,86,4
89,87,23
89,88,33
89,89,67
89,90,21
89,93,3
89,94,90
89,95,56
89,96,49
89,97,74
89,98,87
89,99,35
90,3,92
90,4,21
90,5,58
90,8,91
90,9,72
90,10,64
90,11,94
90,12,27
90,13,19
90,16,9
90,17,6
90,18,79
90,20,73
90,23,93
90,24,13
90,26,16
90,27,76
90,30,25
90,31,56
90,32,25
90,33,88
90,34,94
90,35,1
90,36,84
90,37,3
90,39,75
90,40,61
90,41,46
90,44,42
90,46,82
90,51,65
90,52,99
90,53,73
90,54,2
90,57,7
90,58,40
90,60,3
90,61,50
90,63,88
90,64,47
90,66,29
90,67,80
90,68,25
90,69,6
90,71,11
90,72,1
90,73,41
90,75,49
90,76,44
90,78,99
90,79,85
90,80,44
90,83,60
90,85,42
90,86,14
90,87,92
90,89,95
90,91,96
90,92,20
90,94,69
90,95,51
90,96,88
90,97,75
90,98,52
90,99,50
91,3,36
91,4,94
91,7,24
91,8,34
91,9,64
91,11,84
91,14,32
91,15,41
91,16,24
91,17,98
91,19,48
91,20,52
91,21,29
91,22,16
91,23,92
91,24,62
91,25,25
91,26,28
91,27,26
91,28,26
91,30,84
91,31,83
91,33,59
91,34,63
91,35,83
91,36,12
91,37,75
91,38,77
91,39,17
91,40,31
91,41,89
91,42,75
91,43,98
91,44,61
91,48,4
91,49,38
91,50,69
91,54,49
91,55,56
91,56,15
91,57,19
91,58,6
91,59,64
91,60,59
91,61,64
91,63,77
91,65,52
91,66,17
91,68,38
91,69,69
91,71,89
91,72,9
91,74,24
91,75,71
91,78,26
91,79,33
91,80,0
91,81,68
91,84,81
91,85,98
91,87,36
91,88,43
91,89,61
91,90,88
91,92,41
91,93,13
91,95,53
91,96,82
91,97,24
91,98,41
91,99,20
91,100,5
92,2,90
92,3,95
92,4,39
92,6,3
92,7,41
92,8,51
92,9,85
92,10,88
92,11,6
92,12,40
92,13,31
92,14,92
92,15,83
92,17,41
92,18,94
92,19,68
92,20,44
92,21,10
92,23,91
92,25,95
92,26,92
92,29,99
92,32,30
92,33,83
92,35,47
92,36,74
92,37,43
92,39,36
92,40,43
92,42,6
92,43,98
92,44,85
92,45,5
92,47,51
92,48,23
92,50,5
92,51,3
92,53,2
92,54,93
92,55,2
92,56,2
92,57,52
92,59,5
92,63,64
92,64,75
92,67,75
92,69,95
92,71,50
92,72,19
92,73,45
92,74,70
92,76,24
92,77,67
92,78,76
92,80,4
92,83,55
92,84,63
92,89,86
92,90,15
92,92,35
92,93,39
92,95,39
92,96,88
92,98,10
92,99,58
93,3,79
93,5,94
93,6,58
93,7,81
93,8,70
93,9,41
93,10,82
93,11,48
93,12,79
93,13,12
93,15,90
93,16,61
93,18,1
93,19,80
93,23,80
93,24,5
93,25,63
93,26,87
93,27,24
93,28,34
93,29,94
93,30,35
93,31,19
93,32,9
93,33,13
93,34,57
93,35,76
93,37,65
93,38,64
93,39,34
93,40,17
93,41,62
93,42,38
93,43,76
93,45,32
93,47,68
93,48,26
93,49,48
93,52,97
93,53,99
93,55,64
93,56,72
93,58,71
93,59,53
93,60,98
93,62,26
93,66,60
93,68,86
93,70,26
93,71,20
93,73,19
93,76,56
93,78,59
93,79,61
93,81,11
93,82,60
93,83,83
93,85,41
93,86,31
93,87,11
93,88,35
93,91,64
93,92,27
93,93,62
93,97,24
93,98,91
93,100,54
94,1,56
94,2,32
94,3,96
94,4,41
94,5,15
94,6,96
94,7,41
94,8,10
94,10,38
94,11,12
94,15,51
94,16,79
94,17,11
94,18,88
94,19,81
94,20,37
94,21,97
94,22,58
94,25,14
94,27,25
94,28,15
94,30,27
94,31,27
94,32,7
94,33,73
94,36,24
94,37,52
94,38,81
94,39,35
94,40,72
94,41,42
94,42,99
94,43,35
94,44,86
94,45,83
94,47,63
94,48,52
94,50,82
94,51,71
94,52,78
94,53,65
94,54,4
94,55,24
94,56,77
94,58,72
94,59,85
94,62,67
94,63,89
94,64,42
94,65,45
94,69,71
94,70,85
94,71,99
94,72,36
94,75,96
94,76,9
94,77,51
94,78,18
94,79,60
94,80,3
94,81,65
94,82,70
94,83,72
94,84,98
94,85,98
94,87,83
94,88,5
94,89,11
94,90,35
94,91,57
94,94,17
94,95,9
94,96,62
94,98,91
94,99,35
94,100,71
95,2,69
95,4,90
95,5,15
95,6,72
95,7,76
95,8,36
95,10,2
95,14,43
95,19,79
95,20,55
95,22,37
95,23,38
95,24,63
95,25,85
95,28,8
95,29,74
95,32,93
95,35,39
95,40,47
95,41,76
95,42,64
95,43,71
95,45,34
95,46,73
95,47,41
95,48,74
95,49,86
95,50,17
95,51,79
95,53,61
95,56,71
95,57,14
95,58,0
95,59,69
95,60,9
95,62,97
95,63,35
95,64,44
95,65,34
95,67,21
95,68,5
95,69,36
95,70,58
95,73,94
95,74,70
95,75,63
95,76,3
95,77,86
95,78,25
95,79,61
95,81,84
95,83,18
95,84,62
95,85,75
95,86,31
95,87,36
95,91,6
95,92,20
95,95,70
95,96,81
95,97,76
95,100,88
96,1,28
96,2,51
96,4,94
96,5,47
96,6,86
96,7,68
96,8,41
96,9,57
96,10,91
96,11,9
96,13,59
96,14,34
96,15,57
96,17,98
96,18,96
96,19,18
96,20,93
96,21,66
96,23,5
96,25,56
96,28,13
96,29,42
96,30,5
96,32,72
96,34,81
96,35,89
96,38,96
96,39,80
96,41,47
96,42,53
96,44,64
96,48,93
96,49,19
96,50,26
96,52,50
96,53,75
96,54,53
96,56,81
96,57,11
96,62,86
96,63,85
96,64,60
96,65,76
96,66,74
96,67,26
96,68,41
96,69,58
96,70,55
96,71,23
96,72,3
96,74,36
96,76,64
96,77,19
96,78,8
96,80,45
96,81,12
96,82,33
96,83,68
96,84,48
96,86,53
96,87,43
96,88,75
96,91,58
96,92,66
96,93,74
96,94,30
96,95,90
96,97,42
96,98,59
97,1,29
97,2,50
97,5,83
97,6,94
97,11,22
97,12,16
97,13,78
97,15,23
97,17,77
97,18,36
97,19,43
97,20,80
97,21,71
97,23,39
97,24,89
97,25,75
97,27,87
97,29,10
97,30,70
97,33,95
97,35,92
97,36,0
97,38,44
97,39,87
97,40,21
97,43,51
97,45,26
97,47,13
97,48,54
97,49,19
97,50,63
97,53,29
97,55,49
97,57,56
97,59,44
97,60,7
97,61,54
97,62,17
97,63,68
97,65,69
97,66,52
97,67,84
97,68,0
97,69,63
97,70,9
97,72,63
97,73,26
97,76,85
97,79,12
97,80,64
97,81,94
97,82,72
97,83,54
97,85,29
97,86,93
97,88,8
97,90,52
97,92,46
97,93,43
97,95,28
97,97,72
98,1,3
98,2,7
98,3,80
98,10,41
98,11,56
98,13,48
98,14,99
98,15,88
98,17,82
98,18,95
98,20,84
98,21,55
98,24,90
98,25,63
98,27,49
98,28,61
98,29,24
98,30,36
98,31,65
98,32,52
98,33,68
98,34,79
98,35,10
98,37,15
98,39,70
98,41,45
98,42,73
98,44,6
98,45,15
98,46,52
98,47,84
98,48,45
98,49,21
98,50,9
98,51,13
98,54,67
98,56,30
98,57,13
98,58,4
98,60,77
98,61,87
98,63,55
98,64,86
98,65,87
98,67,89
98,70,46
98,71,43
98,72,83
98,74,25
98,76,38
98,77,90
98,79,19
98,80,50
98,82,5
98,83,92
98,84,45
98,86,86
98,87,43
98,88,22
98,89,80
98,90,86
98,91,47
98,93,33
98,99,75
99,2,52
99,3,21
99,5,44
99,6,92
99,7,53
99,9,4
99,10,11
99,11,55
99,12,54
99,13,43
99,15,71
99,16,63
99,17,38
99,18,21
99,20,82
99,21,20
99,22,90
99,24,62
99,25,14
99,26,40
99,27,19
99,29,29
99,30,76
99,32,99
99,33,11
99,34,67
99,36,88
99,38,70
99,40,10
99,43,71
99,44,57
99,45,66
99,50,37
99,52,33
99,54,45
99,55,71
99,56,40
99,57,21
99,59,88
99,60,44
99,61,27
99,62,69
99,63,96
99,64,19
99,65,3
99,67,35
99,69,91
99,70,12
99,71,87
99,75,81
99,76,47
99,77,48
99,78,60
99,79,63
99,80,67
99,81,96
99,82,88
99,83,24
99,88,2
99,89,66
99,91,44
99,95,41
99,96,16
99,98,76
99,99,13
100,1,30
100,2,79
100,4,55
100,7,45
100,8,68
100,9,66
100,11,62
100,12,34
100,13,37
100,14,43
100,15,17
100,16,81
100,18,8
100,19,41
100,20,95
100,22,51
100,23,90
100,24,89
100,25,38
100,27,55
100,28,23
100,30,52
100,32,48
100,33,26
100,34,19
100,35,52
100,37,94
100,38,47
100,39,56
100,41,46
100,42,91
100,43,57
100,44,49
100,45,32
100,47,13
100,49,22
100,50,80
100,51,66
100,53,71
100,55,65
100,56,34
100,57,2
100,58,26
100,59,4
100,61,61
100,62,39
100,63,91
100,64,87
100,65,88
100,66,30
100,67,61
100,68,32
100,70,3
100,71,50
100,73,84
100,74,43
100,75,73
100,79,38
100,82,45
100,83,52
100,85,34
100,86,89
100,87,61
100,90,76
100,91,30
100,93,66
100,94,39
100,97,64
100,98,67
100,99,14
100,100,20